"source_taxon_name","interaction_type","target_taxon_name","latitude","longitude","altitude","study_title","collection_time_in_unix_epoch","tmp_and_unique_source_specimen_id","tmp_and_unique_target_specimen_id","source_specimen_life_stage","target_specimen_life_stage","source_specimen_basis_of_record","target_specimen_basis_of_record","source_specimen_body_part","target_specimen_body_part","source_specimen_physiological_state","target_specimen_physiological_state","target_specimen_total_count","target_specimen_total_count_percent","target_specimen_total_volume_ml","target_specimen_total_volume_ml_percent","target_specimen_frequency_of_occurrence","target_specimen_frequency_of_occurrence_percent","footprintWKT","locality"
"Adinia xenica","eats","Lembos",28.75054,-82.5001,,"Christian RR, Luczkov...a17608f43ca269eea90bec6715802d26",,22979583,22979585,,,,,,,,,,,,,,,,
"Adinia xenica","eats","Detritus",25.344602,-80.907731,,"Odum 1970",-65811600000,1626236,1626260,,,"Literature","Literature",,,,,,,,0.1353,,,"POLYGON((-80.9051152181999 25.3444142283,-80.9059955233999 25.3442672436,-80.9065500926 25.3441459348999,-80.90736696 25.3439401107999,-80.9082535076999 25.3436048093999,-80.9090729142999 25.3435385842,-80.9094935381999 25.3437251500999,-80.9096614463999 25.3440278687,-80.9096112841999 25.3443673889,-80.9092833485999 25.3446684478,-80.9088662806999 25.3449833799,-80.9082720444999 25.3452638495999,-80.9078129182999 25.3453914599,-80.9072185139999 25.3454631433,-80.9068551327 25.3455346749,-80.9064495506 25.3456800728,-80.9060242859 25.3458738604999,-80.9055003564999 25.3459964203999,-80.9050214636999 25.3460680274999,-80.9046270566999 25.3460962945,-80.9041143024 25.3461017238999,-80.9036212305999 25.3460587635,-80.9033056378 25.3459978632999,-80.9028519311 25.3458581229999,-80.9024771226 25.3457336077,-80.9020712882999 25.3455658278,-80.9019595288 25.3452093814999,-80.9019381633 25.3449360291999,-80.9022170692999 25.3446694790999,-80.9026480747999 25.3445210068999,-80.9030660213999 25.3445673199,-80.9037008667 25.3445215271,-80.9042430422999 25.3444824187999))","Juncus Marsh"
"Adinia xenica","eats","Malpighiales",25.344602,-80.907731,,"Odum 1970",-65811600000,1626236,1626258,,,"Literature","Literature",,"leaf",,,,,,0.0231,,,"POLYGON((-80.9051152181999 25.3444142283,-80.9059955233999 25.3442672436,-80.9065500926 25.3441459348999,-80.90736696 25.3439401107999,-80.9082535076999 25.3436048093999,-80.9090729142999 25.3435385842,-80.9094935381999 25.3437251500999,-80.9096614463999 25.3440278687,-80.9096112841999 25.3443673889,-80.9092833485999 25.3446684478,-80.9088662806999 25.3449833799,-80.9082720444999 25.3452638495999,-80.9078129182999 25.3453914599,-80.9072185139999 25.3454631433,-80.9068551327 25.3455346749,-80.9064495506 25.3456800728,-80.9060242859 25.3458738604999,-80.9055003564999 25.3459964203999,-80.9050214636999 25.3460680274999,-80.9046270566999 25.3460962945,-80.9041143024 25.3461017238999,-80.9036212305999 25.3460587635,-80.9033056378 25.3459978632999,-80.9028519311 25.3458581229999,-80.9024771226 25.3457336077,-80.9020712882999 25.3455658278,-80.9019595288 25.3452093814999,-80.9019381633 25.3449360291999,-80.9022170692999 25.3446694790999,-80.9026480747999 25.3445210068999,-80.9030660213999 25.3445673199,-80.9037008667 25.3445215271,-80.9042430422999 25.3444824187999))","Juncus Marsh"
"Adinia xenica","eats","Juncus",25.344602,-80.907731,,"Odum 1970",-65811600000,1626236,1626256,,,"Literature","Literature",,"leaf",,,,,,0.0363,,,"POLYGON((-80.9051152181999 25.3444142283,-80.9059955233999 25.3442672436,-80.9065500926 25.3441459348999,-80.90736696 25.3439401107999,-80.9082535076999 25.3436048093999,-80.9090729142999 25.3435385842,-80.9094935381999 25.3437251500999,-80.9096614463999 25.3440278687,-80.9096112841999 25.3443673889,-80.9092833485999 25.3446684478,-80.9088662806999 25.3449833799,-80.9082720444999 25.3452638495999,-80.9078129182999 25.3453914599,-80.9072185139999 25.3454631433,-80.9068551327 25.3455346749,-80.9064495506 25.3456800728,-80.9060242859 25.3458738604999,-80.9055003564999 25.3459964203999,-80.9050214636999 25.3460680274999,-80.9046270566999 25.3460962945,-80.9041143024 25.3461017238999,-80.9036212305999 25.3460587635,-80.9033056378 25.3459978632999,-80.9028519311 25.3458581229999,-80.9024771226 25.3457336077,-80.9020712882999 25.3455658278,-80.9019595288 25.3452093814999,-80.9019381633 25.3449360291999,-80.9022170692999 25.3446694790999,-80.9026480747999 25.3445210068999,-80.9030660213999 25.3445673199,-80.9037008667 25.3445215271,-80.9042430422999 25.3444824187999))","Juncus Marsh"
"Adinia xenica","eats","Plantae",25.344602,-80.907731,,"Odum 1970",-65811600000,1626236,1626254,,,"Literature","Literature",,"root",,,,,,0.0264,,,"POLYGON((-80.9051152181999 25.3444142283,-80.9059955233999 25.3442672436,-80.9065500926 25.3441459348999,-80.90736696 25.3439401107999,-80.9082535076999 25.3436048093999,-80.9090729142999 25.3435385842,-80.9094935381999 25.3437251500999,-80.9096614463999 25.3440278687,-80.9096112841999 25.3443673889,-80.9092833485999 25.3446684478,-80.9088662806999 25.3449833799,-80.9082720444999 25.3452638495999,-80.9078129182999 25.3453914599,-80.9072185139999 25.3454631433,-80.9068551327 25.3455346749,-80.9064495506 25.3456800728,-80.9060242859 25.3458738604999,-80.9055003564999 25.3459964203999,-80.9050214636999 25.3460680274999,-80.9046270566999 25.3460962945,-80.9041143024 25.3461017238999,-80.9036212305999 25.3460587635,-80.9033056378 25.3459978632999,-80.9028519311 25.3458581229999,-80.9024771226 25.3457336077,-80.9020712882999 25.3455658278,-80.9019595288 25.3452093814999,-80.9019381633 25.3449360291999,-80.9022170692999 25.3446694790999,-80.9026480747999 25.3445210068999,-80.9030660213999 25.3445673199,-80.9037008667 25.3445215271,-80.9042430422999 25.3444824187999))","Juncus Marsh"
"Adinia xenica","eats","Plantae",25.344602,-80.907731,,"Odum 1970",-65811600000,1626236,1626252,,,"Literature","Literature",,"bark",,,,,,0.0099,,,"POLYGON((-80.9051152181999 25.3444142283,-80.9059955233999 25.3442672436,-80.9065500926 25.3441459348999,-80.90736696 25.3439401107999,-80.9082535076999 25.3436048093999,-80.9090729142999 25.3435385842,-80.9094935381999 25.3437251500999,-80.9096614463999 25.3440278687,-80.9096112841999 25.3443673889,-80.9092833485999 25.3446684478,-80.9088662806999 25.3449833799,-80.9082720444999 25.3452638495999,-80.9078129182999 25.3453914599,-80.9072185139999 25.3454631433,-80.9068551327 25.3455346749,-80.9064495506 25.3456800728,-80.9060242859 25.3458738604999,-80.9055003564999 25.3459964203999,-80.9050214636999 25.3460680274999,-80.9046270566999 25.3460962945,-80.9041143024 25.3461017238999,-80.9036212305999 25.3460587635,-80.9033056378 25.3459978632999,-80.9028519311 25.3458581229999,-80.9024771226 25.3457336077,-80.9020712882999 25.3455658278,-80.9019595288 25.3452093814999,-80.9019381633 25.3449360291999,-80.9022170692999 25.3446694790999,-80.9026480747999 25.3445210068999,-80.9030660213999 25.3445673199,-80.9037008667 25.3445215271,-80.9042430422999 25.3444824187999))","Juncus Marsh"
"Adinia xenica","eats","Detritus",25.344602,-80.907731,,"Odum 1970",-65811600000,1626236,1626250,,,"Literature","Literature",,,,,,,,0.099,,,"POLYGON((-80.9051152181999 25.3444142283,-80.9059955233999 25.3442672436,-80.9065500926 25.3441459348999,-80.90736696 25.3439401107999,-80.9082535076999 25.3436048093999,-80.9090729142999 25.3435385842,-80.9094935381999 25.3437251500999,-80.9096614463999 25.3440278687,-80.9096112841999 25.3443673889,-80.9092833485999 25.3446684478,-80.9088662806999 25.3449833799,-80.9082720444999 25.3452638495999,-80.9078129182999 25.3453914599,-80.9072185139999 25.3454631433,-80.9068551327 25.3455346749,-80.9064495506 25.3456800728,-80.9060242859 25.3458738604999,-80.9055003564999 25.3459964203999,-80.9050214636999 25.3460680274999,-80.9046270566999 25.3460962945,-80.9041143024 25.3461017238999,-80.9036212305999 25.3460587635,-80.9033056378 25.3459978632999,-80.9028519311 25.3458581229999,-80.9024771226 25.3457336077,-80.9020712882999 25.3455658278,-80.9019595288 25.3452093814999,-80.9019381633 25.3449360291999,-80.9022170692999 25.3446694790999,-80.9026480747999 25.3445210068999,-80.9030660213999 25.3445673199,-80.9037008667 25.3445215271,-80.9042430422999 25.3444824187999))","Juncus Marsh"
"Adinia xenica","eats","Detritus",25.344602,-80.907731,,"Odum 1970",-65811600000,1626236,1626248,,,"Literature","Literature",,,,,,,,0.15,,,"POLYGON((-80.9051152181999 25.3444142283,-80.9059955233999 25.3442672436,-80.9065500926 25.3441459348999,-80.90736696 25.3439401107999,-80.9082535076999 25.3436048093999,-80.9090729142999 25.3435385842,-80.9094935381999 25.3437251500999,-80.9096614463999 25.3440278687,-80.9096112841999 25.3443673889,-80.9092833485999 25.3446684478,-80.9088662806999 25.3449833799,-80.9082720444999 25.3452638495999,-80.9078129182999 25.3453914599,-80.9072185139999 25.3454631433,-80.9068551327 25.3455346749,-80.9064495506 25.3456800728,-80.9060242859 25.3458738604999,-80.9055003564999 25.3459964203999,-80.9050214636999 25.3460680274999,-80.9046270566999 25.3460962945,-80.9041143024 25.3461017238999,-80.9036212305999 25.3460587635,-80.9033056378 25.3459978632999,-80.9028519311 25.3458581229999,-80.9024771226 25.3457336077,-80.9020712882999 25.3455658278,-80.9019595288 25.3452093814999,-80.9019381633 25.3449360291999,-80.9022170692999 25.3446694790999,-80.9026480747999 25.3445210068999,-80.9030660213999 25.3445673199,-80.9037008667 25.3445215271,-80.9042430422999 25.3444824187999))","Juncus Marsh"
"Adinia xenica","eats","Bacillariophyceae",25.344602,-80.907731,,"Odum 1970",-65811600000,1626236,1626246,,,"Literature","Literature",,,,,,,,0.24,,,"POLYGON((-80.9051152181999 25.3444142283,-80.9059955233999 25.3442672436,-80.9065500926 25.3441459348999,-80.90736696 25.3439401107999,-80.9082535076999 25.3436048093999,-80.9090729142999 25.3435385842,-80.9094935381999 25.3437251500999,-80.9096614463999 25.3440278687,-80.9096112841999 25.3443673889,-80.9092833485999 25.3446684478,-80.9088662806999 25.3449833799,-80.9082720444999 25.3452638495999,-80.9078129182999 25.3453914599,-80.9072185139999 25.3454631433,-80.9068551327 25.3455346749,-80.9064495506 25.3456800728,-80.9060242859 25.3458738604999,-80.9055003564999 25.3459964203999,-80.9050214636999 25.3460680274999,-80.9046270566999 25.3460962945,-80.9041143024 25.3461017238999,-80.9036212305999 25.3460587635,-80.9033056378 25.3459978632999,-80.9028519311 25.3458581229999,-80.9024771226 25.3457336077,-80.9020712882999 25.3455658278,-80.9019595288 25.3452093814999,-80.9019381633 25.3449360291999,-80.9022170692999 25.3446694790999,-80.9026480747999 25.3445210068999,-80.9030660213999 25.3445673199,-80.9037008667 25.3445215271,-80.9042430422999 25.3444824187999))","Juncus Marsh"
"Adinia xenica","eats","Copepoda",25.344602,-80.907731,,"Odum 1970",-65811600000,1626236,1626244,,,"Literature","Literature",,,,,,,,0.04,,,"POLYGON((-80.9051152181999 25.3444142283,-80.9059955233999 25.3442672436,-80.9065500926 25.3441459348999,-80.90736696 25.3439401107999,-80.9082535076999 25.3436048093999,-80.9090729142999 25.3435385842,-80.9094935381999 25.3437251500999,-80.9096614463999 25.3440278687,-80.9096112841999 25.3443673889,-80.9092833485999 25.3446684478,-80.9088662806999 25.3449833799,-80.9082720444999 25.3452638495999,-80.9078129182999 25.3453914599,-80.9072185139999 25.3454631433,-80.9068551327 25.3455346749,-80.9064495506 25.3456800728,-80.9060242859 25.3458738604999,-80.9055003564999 25.3459964203999,-80.9050214636999 25.3460680274999,-80.9046270566999 25.3460962945,-80.9041143024 25.3461017238999,-80.9036212305999 25.3460587635,-80.9033056378 25.3459978632999,-80.9028519311 25.3458581229999,-80.9024771226 25.3457336077,-80.9020712882999 25.3455658278,-80.9019595288 25.3452093814999,-80.9019381633 25.3449360291999,-80.9022170692999 25.3446694790999,-80.9026480747999 25.3445210068999,-80.9030660213999 25.3445673199,-80.9037008667 25.3445215271,-80.9042430422999 25.3444824187999))","Juncus Marsh"
"Adinia xenica","eats","Insecta",25.344602,-80.907731,,"Odum 1970",-65811600000,1626236,1626242,,,"Literature","Literature",,,,,,,,0.06,,,"POLYGON((-80.9051152181999 25.3444142283,-80.9059955233999 25.3442672436,-80.9065500926 25.3441459348999,-80.90736696 25.3439401107999,-80.9082535076999 25.3436048093999,-80.9090729142999 25.3435385842,-80.9094935381999 25.3437251500999,-80.9096614463999 25.3440278687,-80.9096112841999 25.3443673889,-80.9092833485999 25.3446684478,-80.9088662806999 25.3449833799,-80.9082720444999 25.3452638495999,-80.9078129182999 25.3453914599,-80.9072185139999 25.3454631433,-80.9068551327 25.3455346749,-80.9064495506 25.3456800728,-80.9060242859 25.3458738604999,-80.9055003564999 25.3459964203999,-80.9050214636999 25.3460680274999,-80.9046270566999 25.3460962945,-80.9041143024 25.3461017238999,-80.9036212305999 25.3460587635,-80.9033056378 25.3459978632999,-80.9028519311 25.3458581229999,-80.9024771226 25.3457336077,-80.9020712882999 25.3455658278,-80.9019595288 25.3452093814999,-80.9019381633 25.3449360291999,-80.9022170692999 25.3446694790999,-80.9026480747999 25.3445210068999,-80.9030660213999 25.3445673199,-80.9037008667 25.3445215271,-80.9042430422999 25.3444824187999))","Juncus Marsh"
"Adinia xenica","eats","Amphipoda",25.344602,-80.907731,,"Odum 1970",-65811600000,1626236,1626240,,,"Literature","Literature",,,,,,,,0.09,,,"POLYGON((-80.9051152181999 25.3444142283,-80.9059955233999 25.3442672436,-80.9065500926 25.3441459348999,-80.90736696 25.3439401107999,-80.9082535076999 25.3436048093999,-80.9090729142999 25.3435385842,-80.9094935381999 25.3437251500999,-80.9096614463999 25.3440278687,-80.9096112841999 25.3443673889,-80.9092833485999 25.3446684478,-80.9088662806999 25.3449833799,-80.9082720444999 25.3452638495999,-80.9078129182999 25.3453914599,-80.9072185139999 25.3454631433,-80.9068551327 25.3455346749,-80.9064495506 25.3456800728,-80.9060242859 25.3458738604999,-80.9055003564999 25.3459964203999,-80.9050214636999 25.3460680274999,-80.9046270566999 25.3460962945,-80.9041143024 25.3461017238999,-80.9036212305999 25.3460587635,-80.9033056378 25.3459978632999,-80.9028519311 25.3458581229999,-80.9024771226 25.3457336077,-80.9020712882999 25.3455658278,-80.9019595288 25.3452093814999,-80.9019381633 25.3449360291999,-80.9022170692999 25.3446694790999,-80.9026480747999 25.3445210068999,-80.9030660213999 25.3445673199,-80.9037008667 25.3445215271,-80.9042430422999 25.3444824187999))","Juncus Marsh"
"Adinia xenica","eats","Plantae",25.344602,-80.907731,,"Odum 1970",-65811600000,1626236,1626238,,,"Literature","Literature",,,,,,,,0.09,,,"POLYGON((-80.9051152181999 25.3444142283,-80.9059955233999 25.3442672436,-80.9065500926 25.3441459348999,-80.90736696 25.3439401107999,-80.9082535076999 25.3436048093999,-80.9090729142999 25.3435385842,-80.9094935381999 25.3437251500999,-80.9096614463999 25.3440278687,-80.9096112841999 25.3443673889,-80.9092833485999 25.3446684478,-80.9088662806999 25.3449833799,-80.9082720444999 25.3452638495999,-80.9078129182999 25.3453914599,-80.9072185139999 25.3454631433,-80.9068551327 25.3455346749,-80.9064495506 25.3456800728,-80.9060242859 25.3458738604999,-80.9055003564999 25.3459964203999,-80.9050214636999 25.3460680274999,-80.9046270566999 25.3460962945,-80.9041143024 25.3461017238999,-80.9036212305999 25.3460587635,-80.9033056378 25.3459978632999,-80.9028519311 25.3458581229999,-80.9024771226 25.3457336077,-80.9020712882999 25.3455658278,-80.9019595288 25.3452093814999,-80.9019381633 25.3449360291999,-80.9022170692999 25.3446694790999,-80.9026480747999 25.3445210068999,-80.9030660213999 25.3445673199,-80.9037008667 25.3445215271,-80.9042430422999 25.3444824187999))","Juncus Marsh"
"Adinia xenica","eats","Fragilariophyceae",28.626777,-96.104312,-0.7,"Akin et al 2006",912816000000,1451893,1451901,,,,,,,,,,,,,,,,
"Adinia xenica","eats","Coscinodiscophyceae",28.626777,-96.104312,-0.7,"Akin et al 2006",912816000000,1451893,1451899,,,,,,,,,,,,,,,,
"Adinia xenica","eats","Sand",28.626777,-96.104312,-0.7,"Akin et al 2006",912816000000,1451893,1451897,,,,,,,,,,,,,,,,
"Adinia xenica","eats","Detritus",28.626777,-96.104312,-0.7,"Akin et al 2006",912816000000,1451893,1451895,,,,,,,,,,,,,,,,
"Adinia xenica","eats","Fragilariophyceae",28.626777,-96.104312,-0.7,"Akin et al 2006",912816000000,1448467,1448475,,,,,,,,,,,,,,,,
"Adinia xenica","eats","Coscinodiscophyceae",28.626777,-96.104312,-0.7,"Akin et al 2006",912816000000,1448467,1448473,,,,,,,,,,,,,,,,
"Adinia xenica","eats","Sand",28.626777,-96.104312,-0.7,"Akin et al 2006",912816000000,1448467,1448471,,,,,,,,,,,,,,,,
"Adinia xenica","eats","Detritus",28.626777,-96.104312,-0.7,"Akin et al 2006",912816000000,1448467,1448469,,,,,,,,,,,,,,,,
"Adinia xenica","eats","Diptera",28.626777,-96.104312,-0.7,"Akin et al 2006",917654400000,1443343,1443345,,,,,,,,,,,,,,,,
"Adinia xenica","eats","Animalia",28.626777,-96.104312,-0.7,"Akin et al 2006",912816000000,1443347,1443353,,,,,,,,,,,,,,,,
"Adinia xenica","eats","Calanoida",28.626777,-96.104312,-0.7,"Akin et al 2006",912816000000,1443347,1443351,,,,,,,,,,,,,,,,
"Adinia xenica","eats","Detritus",28.626777,-96.104312,-0.7,"Akin et al 2006",912816000000,1443347,1443349,,,,,,,,,,,,,,,,
"Adinia xenica","eats","Macroalgae",28.632555,-96.110896,-0.7,"Akin et al 2006",901324800000,1473021,1473031,,,,,,,,,,,,,,,,
"Adinia xenica","eats","Macroalgae",28.632555,-96.110896,-0.7,"Akin et al 2006",901324800000,1473021,1473029,,,,,,,,,,,,,,,,
"Adinia xenica","eats","Fragilariophyceae",28.632555,-96.110896,-0.7,"Akin et al 2006",901324800000,1473021,1473027,,,,,,,,,,,,,,,,
"Adinia xenica","eats","Sand",28.632555,-96.110896,-0.7,"Akin et al 2006",901324800000,1473021,1473025,,,,,,,,,,,,,,,,
"Adinia xenica","eats","Detritus",28.632555,-96.110896,-0.7,"Akin et al 2006",901324800000,1473021,1473023,,,,,,,,,,,,,,,,
"Adinia xenica","eats","Oscillatoria ",28.645202,-96.099923,-0.7,"Akin et al 2006",901324800000,1472773,1472781,,,,,,,,,,,,,,,,
"Adinia xenica","eats","Fragilariophyceae",28.645202,-96.099923,-0.7,"Akin et al 2006",901324800000,1472773,1472779,,,,,,,,,,,,,,,,
"Adinia xenica","eats","Sand",28.645202,-96.099923,-0.7,"Akin et al 2006",901324800000,1472773,1472777,,,,,,,,,,,,,,,,
"Adinia xenica","eats","Detritus",28.645202,-96.099923,-0.7,"Akin et al 2006",901324800000,1472773,1472775,,,,,,,,,,,,,,,,
"Adinia xenica","eats","Harpacticoida",28.645202,-96.099923,-0.7,"Akin et al 2006",901324800000,1472783,1472793,,,,,,,,,,,,,,,,
"Adinia xenica","eats","Oscillatoria ",28.645202,-96.099923,-0.7,"Akin et al 2006",901324800000,1472783,1472791,,,,,,,,,,,,,,,,
"Adinia xenica","eats","Fragilariophyceae",28.645202,-96.099923,-0.7,"Akin et al 2006",901324800000,1472783,1472789,,,,,,,,,,,,,,,,
"Adinia xenica","eats","Sand",28.645202,-96.099923,-0.7,"Akin et al 2006",901324800000,1472783,1472787,,,,,,,,,,,,,,,,
"Adinia xenica","eats","Detritus",28.645202,-96.099923,-0.7,"Akin et al 2006",901324800000,1472783,1472785,,,,,,,,,,,,,,,,
"Adinia xenica","eats","Other blue green algae",28.645202,-96.099923,-0.7,"Akin et al 2006",901324800000,1472761,1472771,,,,,,,,,,,,,,,,
"Adinia xenica","eats","Oscillatoria ",28.645202,-96.099923,-0.7,"Akin et al 2006",901324800000,1472761,1472769,,,,,,,,,,,,,,,,
"Adinia xenica","eats","Fragilariophyceae",28.645202,-96.099923,-0.7,"Akin et al 2006",901324800000,1472761,1472767,,,,,,,,,,,,,,,,
"Adinia xenica","eats","Sand",28.645202,-96.099923,-0.7,"Akin et al 2006",901324800000,1472761,1472765,,,,,,,,,,,,,,,,
"Adinia xenica","eats","Detritus",28.645202,-96.099923,-0.7,"Akin et al 2006",901324800000,1472761,1472763,,,,,,,,,,,,,,,,
"Adinia xenica","eats","Oscillatoria ",28.645202,-96.099923,-0.7,"Akin et al 2006",901324800000,1472751,1472759,,,,,,,,,,,,,,,,
"Adinia xenica","eats","Fragilariophyceae",28.645202,-96.099923,-0.7,"Akin et al 2006",901324800000,1472751,1472757,,,,,,,,,,,,,,,,
"Adinia xenica","eats","Sand",28.645202,-96.099923,-0.7,"Akin et al 2006",901324800000,1472751,1472755,,,,,,,,,,,,,,,,
"Adinia xenica","eats","Detritus",28.645202,-96.099923,-0.7,"Akin et al 2006",901324800000,1472751,1472753,,,,,,,,,,,,,,,,
"Adinia xenica","eats","Other blue green algae",28.645202,-96.099923,-0.7,"Akin et al 2006",901324800000,1472739,1472749,,,,,,,,,,,,,,,,
"Adinia xenica","eats","Oscillatoria ",28.645202,-96.099923,-0.7,"Akin et al 2006",901324800000,1472739,1472747,,,,,,,,,,,,,,,,
"Adinia xenica","eats","Fragilariophyceae",28.645202,-96.099923,-0.7,"Akin et al 2006",901324800000,1472739,1472745,,,,,,,,,,,,,,,,
"Adinia xenica","eats","Sand",28.645202,-96.099923,-0.7,"Akin et al 2006",901324800000,1472739,1472743,,,,,,,,,,,,,,,,
"Adinia xenica","eats","Detritus",28.645202,-96.099923,-0.7,"Akin et al 2006",901324800000,1472739,1472741,,,,,,,,,,,,,,,,
"Adinia xenica","eats","Harpacticoida",28.632555,-96.110896,-0.7,"Akin et al 2006",929145600000,1472497,1472505,,,,,,,,,,,,,,,,
"Adinia xenica","eats","Fragilariophyceae",28.632555,-96.110896,-0.7,"Akin et al 2006",929145600000,1472497,1472503,,,,,,,,,,,,,,,,
"Adinia xenica","eats","Khakista",28.632555,-96.110896,-0.7,"Akin et al 2006",929145600000,1472497,1472501,,,,,,,,,,,,,,,,
"Adinia xenica","eats","Detritus",28.632555,-96.110896,-0.7,"Akin et al 2006",929145600000,1472497,1472499,,,,,,,,,,,,,,,,
"Adinia xenica","eats","Fragilariophyceae",28.642313,-96.103142,-0.7,"Akin et al 2006",934070400000,1472371,1472381,,,,,,,,,,,,,,,,
"Adinia xenica","eats","Coscinodiscophyceae",28.642313,-96.103142,-0.7,"Akin et al 2006",934070400000,1472371,1472379,,,,,,,,,,,,,,,,
"Adinia xenica","eats","Khakista",28.642313,-96.103142,-0.7,"Akin et al 2006",934070400000,1472371,1472377,,,,,,,,,,,,,,,,
"Adinia xenica","eats","Sand",28.642313,-96.103142,-0.7,"Akin et al 2006",934070400000,1472371,1472375,,,,,,,,,,,,,,,,
"Adinia xenica","eats","Detritus",28.642313,-96.103142,-0.7,"Akin et al 2006",934070400000,1472371,1472373,,,,,,,,,,,,,,,,
"Adinia xenica","eats","Fragilariophyceae",28.642313,-96.103142,-0.7,"Akin et al 2006",934070400000,1472363,1472369,,,,,,,,,,,,,,,,
"Adinia xenica","eats","Sand",28.642313,-96.103142,-0.7,"Akin et al 2006",934070400000,1472363,1472367,,,,,,,,,,,,,,,,
"Adinia xenica","eats","Detritus",28.642313,-96.103142,-0.7,"Akin et al 2006",934070400000,1472363,1472365,,,,,,,,,,,,,,,,
"Adinia xenica","eats","Hymenoptera",28.642313,-96.103142,-0.7,"Akin et al 2006",934070400000,1471867,1471877,,,,,,,,,,,,,,,,
"Adinia xenica","eats","Copepoda",28.642313,-96.103142,-0.7,"Akin et al 2006",934070400000,1471867,1471875,,"nauplius stage",,,,,,,,,,,,,,
"Adinia xenica","eats","Bivalvia",28.642313,-96.103142,-0.7,"Akin et al 2006",934070400000,1471867,1471873,,,,,,,,,,,,,,,,
"Adinia xenica","eats","Sand",28.642313,-96.103142,-0.7,"Akin et al 2006",934070400000,1471867,1471871,,,,,,,,,,,,,,,,
"Adinia xenica","eats","Detritus",28.642313,-96.103142,-0.7,"Akin et al 2006",934070400000,1471867,1471869,,,,,,,,,,,,,,,,
"Adinia xenica","eats","Other blue green algae",28.645202,-96.099923,-0.7,"Akin et al 2006",901324800000,1471577,1471587,,,,,,,,,,,,,,,,
"Adinia xenica","eats","Oscillatoria ",28.645202,-96.099923,-0.7,"Akin et al 2006",901324800000,1471577,1471585,,,,,,,,,,,,,,,,
"Adinia xenica","eats","Fragilariophyceae",28.645202,-96.099923,-0.7,"Akin et al 2006",901324800000,1471577,1471583,,,,,,,,,,,,,,,,
"Adinia xenica","eats","Sand",28.645202,-96.099923,-0.7,"Akin et al 2006",901324800000,1471577,1471581,,,,,,,,,,,,,,,,
"Adinia xenica","eats","Detritus",28.645202,-96.099923,-0.7,"Akin et al 2006",901324800000,1471577,1471579,,,,,,,,,,,,,,,,
"Adinia xenica","eats","Bivalvia",28.642313,-96.103142,-0.7,"Akin et al 2006",934070400000,1471035,1471045,,,,,,,,,,,,,,,,
"Adinia xenica","eats","Fragilariophyceae",28.642313,-96.103142,-0.7,"Akin et al 2006",934070400000,1471035,1471043,,,,,,,,,,,,,,,,
"Adinia xenica","eats","Khakista",28.642313,-96.103142,-0.7,"Akin et al 2006",934070400000,1471035,1471041,,,,,,,,,,,,,,,,
"Adinia xenica","eats","Sand",28.642313,-96.103142,-0.7,"Akin et al 2006",934070400000,1471035,1471039,,,,,,,,,,,,,,,,
"Adinia xenica","eats","Detritus",28.642313,-96.103142,-0.7,"Akin et al 2006",934070400000,1471035,1471037,,,,,,,,,,,,,,,,
"Adinia xenica","eats","Brachyura",28.626777,-96.104312,-0.7,"Akin et al 2006",934070400000,1463219,1463221,,"larval stage",,,,,,,,,,,,,,
"Adinia xenica","eats","Oscillatoria ",28.645202,-96.099923,-0.7,"Akin et al 2006",901324800000,1465043,1465051,,,,,,,,,,,,,,,,
"Adinia xenica","eats","Fragilariophyceae",28.645202,-96.099923,-0.7,"Akin et al 2006",901324800000,1465043,1465049,,,,,,,,,,,,,,,,
"Adinia xenica","eats","Sand",28.645202,-96.099923,-0.7,"Akin et al 2006",901324800000,1465043,1465047,,,,,,,,,,,,,,,,
"Adinia xenica","eats","Detritus",28.645202,-96.099923,-0.7,"Akin et al 2006",901324800000,1465043,1465045,,,,,,,,,,,,,,,,
"Adinia xenica","eats","Fragilariophyceae",28.642313,-96.103142,-0.7,"Akin et al 2006",934070400000,1467877,1467883,,,,,,,,,,,,,,,,
"Adinia xenica","eats","Sand",28.642313,-96.103142,-0.7,"Akin et al 2006",934070400000,1467877,1467881,,,,,,,,,,,,,,,,
"Adinia xenica","eats","Detritus",28.642313,-96.103142,-0.7,"Akin et al 2006",934070400000,1467877,1467879,,,,,,,,,,,,,,,,
"Adinia xenica","eats","Brachyura",28.626777,-96.104312,-0.7,"Akin et al 2006",934070400000,1467885,1467887,,"larval stage",,,,,,,,,,,,,,
"Adinia xenica","eats","Fragilariophyceae",28.642313,-96.103142,-0.7,"Akin et al 2006",934070400000,1470823,1470829,,,,,,,,,,,,,,,,
"Adinia xenica","eats","Sand",28.642313,-96.103142,-0.7,"Akin et al 2006",934070400000,1470823,1470827,,,,,,,,,,,,,,,,
"Adinia xenica","eats","Detritus",28.642313,-96.103142,-0.7,"Akin et al 2006",934070400000,1470823,1470825,,,,,,,,,,,,,,,,
"Adinia xenica","eats","Macroalgae",28.645202,-96.099923,-0.7,"Akin et al 2006",901324800000,1475601,1475611,,,,,,,,,,,,,,,,
"Adinia xenica","eats","Oscillatoria ",28.645202,-96.099923,-0.7,"Akin et al 2006",901324800000,1475601,1475609,,,,,,,,,,,,,,,,
"Adinia xenica","eats","Fragilariophyceae",28.645202,-96.099923,-0.7,"Akin et al 2006",901324800000,1475601,1475607,,,,,,,,,,,,,,,,
"Adinia xenica","eats","Sand",28.645202,-96.099923,-0.7,"Akin et al 2006",901324800000,1475601,1475605,,,,,,,,,,,,,,,,
"Adinia xenica","eats","Detritus",28.645202,-96.099923,-0.7,"Akin et al 2006",901324800000,1475601,1475603,,,,,,,,,,,,,,,,
"Adinia xenica","eats","Oscillatoria ",28.645202,-96.099923,-0.7,"Akin et al 2006",901324800000,1475711,1475721,,,,,,,,,,,,,,,,
"Adinia xenica","eats","Fragilariophyceae",28.645202,-96.099923,-0.7,"Akin et al 2006",901324800000,1475711,1475719,,,,,,,,,,,,,,,,
"Adinia xenica","eats","Coscinodiscophyceae",28.645202,-96.099923,-0.7,"Akin et al 2006",901324800000,1475711,1475717,,,,,,,,,,,,,,,,
"Adinia xenica","eats","Sand",28.645202,-96.099923,-0.7,"Akin et al 2006",901324800000,1475711,1475715,,,,,,,,,,,,,,,,
"Adinia xenica","eats","Detritus",28.645202,-96.099923,-0.7,"Akin et al 2006",901324800000,1475711,1475713,,,,,,,,,,,,,,,,
"Adinia xenica","eats","Macroalgae",28.632555,-96.110896,-0.7,"Akin et al 2006",901324800000,1475723,1475731,,,,,,,,,,,,,,,,
"Adinia xenica","eats","Fragilariophyceae",28.632555,-96.110896,-0.7,"Akin et al 2006",901324800000,1475723,1475729,,,,,,,,,,,,,,,,
"Adinia xenica","eats","Sand",28.632555,-96.110896,-0.7,"Akin et al 2006",901324800000,1475723,1475727,,,,,,,,,,,,,,,,
"Adinia xenica","eats","Detritus",28.632555,-96.110896,-0.7,"Akin et al 2006",901324800000,1475723,1475725,,,,,,,,,,,,,,,,
"Adinia xenica","eats","Macroalgae",28.632555,-96.110896,-0.7,"Akin et al 2006",901324800000,1475733,1475743,,,,,,,,,,,,,,,,
"Adinia xenica","eats","Macroalgae",28.632555,-96.110896,-0.7,"Akin et al 2006",901324800000,1475733,1475741,,,,,,,,,,,,,,,,
"Adinia xenica","eats","Fragilariophyceae",28.632555,-96.110896,-0.7,"Akin et al 2006",901324800000,1475733,1475739,,,,,,,,,,,,,,,,
"Adinia xenica","eats","Sand",28.632555,-96.110896,-0.7,"Akin et al 2006",901324800000,1475733,1475737,,,,,,,,,,,,,,,,
"Adinia xenica","eats","Detritus",28.632555,-96.110896,-0.7,"Akin et al 2006",901324800000,1475733,1475735,,,,,,,,,,,,,,,,
"Adinia xenica","eats","Harpacticoida",28.632555,-96.110896,-0.7,"Akin et al 2006",901324800000,1475345,1475357,,,,,,,,,,,,,,,,
"Adinia xenica","eats","Macroalgae",28.632555,-96.110896,-0.7,"Akin et al 2006",901324800000,1475345,1475355,,,,,,,,,,,,,,,,
"Adinia xenica","eats","Macroalgae",28.632555,-96.110896,-0.7,"Akin et al 2006",901324800000,1475345,1475353,,,,,,,,,,,,,,,,
"Adinia xenica","eats","Fragilariophyceae",28.632555,-96.110896,-0.7,"Akin et al 2006",901324800000,1475345,1475351,,,,,,,,,,,,,,,,
"Adinia xenica","eats","Sand",28.632555,-96.110896,-0.7,"Akin et al 2006",901324800000,1475345,1475349,,,,,,,,,,,,,,,,
"Adinia xenica","eats","Detritus",28.632555,-96.110896,-0.7,"Akin et al 2006",901324800000,1475345,1475347,,,,,,,,,,,,,,,,
"Adinia xenica","eats","Harpacticoida",28.632555,-96.110896,-0.7,"Akin et al 2006",901324800000,1475359,1475373,,,,,,,,,,,,,,,,
"Adinia xenica","eats","Nematoda",28.632555,-96.110896,-0.7,"Akin et al 2006",901324800000,1475359,1475371,,,,,,,,,,,,,,,,
"Adinia xenica","eats","Macroalgae",28.632555,-96.110896,-0.7,"Akin et al 2006",901324800000,1475359,1475369,,,,,,,,,,,,,,,,
"Adinia xenica","eats","Macroalgae",28.632555,-96.110896,-0.7,"Akin et al 2006",901324800000,1475359,1475367,,,,,,,,,,,,,,,,
"Adinia xenica","eats","Fragilariophyceae",28.632555,-96.110896,-0.7,"Akin et al 2006",901324800000,1475359,1475365,,,,,,,,,,,,,,,,
"Adinia xenica","eats","Sand",28.632555,-96.110896,-0.7,"Akin et al 2006",901324800000,1475359,1475363,,,,,,,,,,,,,,,,
"Adinia xenica","eats","Detritus",28.632555,-96.110896,-0.7,"Akin et al 2006",901324800000,1475359,1475361,,,,,,,,,,,,,,,,
"Adinia xenica","eats","Bivalvia",28.645202,-96.099923,-0.7,"Akin et al 2006",934070400000,1475433,1475445,,,,,,,,,,,,,,,,
"Adinia xenica","eats","Other blue green algae",28.645202,-96.099923,-0.7,"Akin et al 2006",934070400000,1475433,1475443,,,,,,,,,,,,,,,,
"Adinia xenica","eats","Fragilariophyceae",28.645202,-96.099923,-0.7,"Akin et al 2006",934070400000,1475433,1475441,,,,,,,,,,,,,,,,
"Adinia xenica","eats","Coscinodiscophyceae",28.645202,-96.099923,-0.7,"Akin et al 2006",934070400000,1475433,1475439,,,,,,,,,,,,,,,,
"Adinia xenica","eats","Sand",28.645202,-96.099923,-0.7,"Akin et al 2006",934070400000,1475433,1475437,,,,,,,,,,,,,,,,
"Adinia xenica","eats","Detritus",28.645202,-96.099923,-0.7,"Akin et al 2006",934070400000,1475433,1475435,,,,,,,,,,,,,,,,
"Adinia xenica","eats","Harpacticoida",28.642313,-96.103142,-0.7,"Akin et al 2006",934070400000,1475447,1475459,,,,,,,,,,,,,,,,
"Adinia xenica","eats","Bivalvia",28.642313,-96.103142,-0.7,"Akin et al 2006",934070400000,1475447,1475457,,,,,,,,,,,,,,,,
"Adinia xenica","eats","Protozoa",28.642313,-96.103142,-0.7,"Akin et al 2006",934070400000,1475447,1475455,,,,,,,,,,,,,,,,
"Adinia xenica","eats","Fragilariophyceae",28.642313,-96.103142,-0.7,"Akin et al 2006",934070400000,1475447,1475453,,,,,,,,,,,,,,,,
"Adinia xenica","eats","Khakista",28.642313,-96.103142,-0.7,"Akin et al 2006",934070400000,1475447,1475451,,,,,,,,,,,,,,,,
"Adinia xenica","eats","Detritus",28.642313,-96.103142,-0.7,"Akin et al 2006",934070400000,1475447,1475449,,,,,,,,,,,,,,,,
"Adinia xenica","eats","Macroalgae",28.645202,-96.099923,-0.7,"Akin et al 2006",934070400000,1475461,1475469,,,,,,,,,,,,,,,,
"Adinia xenica","eats","Fragilariophyceae",28.645202,-96.099923,-0.7,"Akin et al 2006",934070400000,1475461,1475467,,,,,,,,,,,,,,,,
"Adinia xenica","eats","Sand",28.645202,-96.099923,-0.7,"Akin et al 2006",934070400000,1475461,1475465,,,,,,,,,,,,,,,,
"Adinia xenica","eats","Detritus",28.645202,-96.099923,-0.7,"Akin et al 2006",934070400000,1475461,1475463,,,,,,,,,,,,,,,,
"Adinia xenica","eats","Oscillatoria ",28.645202,-96.099923,-0.7,"Akin et al 2006",901324800000,1475067,1475075,,,,,,,,,,,,,,,,
"Adinia xenica","eats","Fragilariophyceae",28.645202,-96.099923,-0.7,"Akin et al 2006",901324800000,1475067,1475073,,,,,,,,,,,,,,,,
"Adinia xenica","eats","Sand",28.645202,-96.099923,-0.7,"Akin et al 2006",901324800000,1475067,1475071,,,,,,,,,,,,,,,,
"Adinia xenica","eats","Detritus",28.645202,-96.099923,-0.7,"Akin et al 2006",901324800000,1475067,1475069,,,,,,,,,,,,,,,,
"Adinia xenica","eats","Insecta",28.632555,-96.110896,-0.7,"Akin et al 2006",901324800000,1475077,1475083,,,,,,,,,,,,,,,,
"Adinia xenica","eats","Fragilariophyceae",28.632555,-96.110896,-0.7,"Akin et al 2006",901324800000,1475077,1475081,,,,,,,,,,,,,,,,
"Adinia xenica","eats","Detritus",28.632555,-96.110896,-0.7,"Akin et al 2006",901324800000,1475077,1475079,,,,,,,,,,,,,,,,
"Adinia xenica","eats","Oscillatoria ",28.645202,-96.099923,-0.7,"Akin et al 2006",901324800000,1474639,1474647,,,,,,,,,,,,,,,,
"Adinia xenica","eats","Fragilariophyceae",28.645202,-96.099923,-0.7,"Akin et al 2006",901324800000,1474639,1474645,,,,,,,,,,,,,,,,
"Adinia xenica","eats","Sand",28.645202,-96.099923,-0.7,"Akin et al 2006",901324800000,1474639,1474643,,,,,,,,,,,,,,,,
"Adinia xenica","eats","Detritus",28.645202,-96.099923,-0.7,"Akin et al 2006",901324800000,1474639,1474641,,,,,,,,,,,,,,,,
"Adinia xenica","eats","Oscillatoria ",28.645202,-96.099923,-0.7,"Akin et al 2006",901324800000,1474587,1474595,,,,,,,,,,,,,,,,
"Adinia xenica","eats","Fragilariophyceae",28.645202,-96.099923,-0.7,"Akin et al 2006",901324800000,1474587,1474593,,,,,,,,,,,,,,,,
"Adinia xenica","eats","Sand",28.645202,-96.099923,-0.7,"Akin et al 2006",901324800000,1474587,1474591,,,,,,,,,,,,,,,,
"Adinia xenica","eats","Detritus",28.645202,-96.099923,-0.7,"Akin et al 2006",901324800000,1474587,1474589,,,,,,,,,,,,,,,,
"Adinia xenica","eats","Amphipoda",28.645202,-96.099923,-0.7,"Akin et al 2006",901324800000,1474663,1474675,,,,,,,,,,,,,,,,
"Adinia xenica","eats","Other blue green algae",28.645202,-96.099923,-0.7,"Akin et al 2006",901324800000,1474663,1474673,,,,,,,,,,,,,,,,
"Adinia xenica","eats","Fragilariophyceae",28.645202,-96.099923,-0.7,"Akin et al 2006",901324800000,1474663,1474671,,,,,,,,,,,,,,,,
"Adinia xenica","eats","Coscinodiscophyceae",28.645202,-96.099923,-0.7,"Akin et al 2006",901324800000,1474663,1474669,,,,,,,,,,,,,,,,
"Adinia xenica","eats","Sand",28.645202,-96.099923,-0.7,"Akin et al 2006",901324800000,1474663,1474667,,,,,,,,,,,,,,,,
"Adinia xenica","eats","Detritus",28.645202,-96.099923,-0.7,"Akin et al 2006",901324800000,1474663,1474665,,,,,,,,,,,,,,,,
"Adinia xenica","eats","Other blue green algae",28.645202,-96.099923,-0.7,"Akin et al 2006",901324800000,1474705,1474715,,,,,,,,,,,,,,,,
"Adinia xenica","eats","Fragilariophyceae",28.645202,-96.099923,-0.7,"Akin et al 2006",901324800000,1474705,1474713,,,,,,,,,,,,,,,,
"Adinia xenica","eats","Coscinodiscophyceae",28.645202,-96.099923,-0.7,"Akin et al 2006",901324800000,1474705,1474711,,,,,,,,,,,,,,,,
"Adinia xenica","eats","Sand",28.645202,-96.099923,-0.7,"Akin et al 2006",901324800000,1474705,1474709,,,,,,,,,,,,,,,,
"Adinia xenica","eats","Detritus",28.645202,-96.099923,-0.7,"Akin et al 2006",901324800000,1474705,1474707,,,,,,,,,,,,,,,,
"Adinia xenica","eats","Fragilariophyceae",28.632555,-96.110896,-0.7,"Akin et al 2006",901324800000,1474449,1474455,,,,,,,,,,,,,,,,
"Adinia xenica","eats","Sand",28.632555,-96.110896,-0.7,"Akin et al 2006",901324800000,1474449,1474453,,,,,,,,,,,,,,,,
"Adinia xenica","eats","Detritus",28.632555,-96.110896,-0.7,"Akin et al 2006",901324800000,1474449,1474451,,,,,,,,,,,,,,,,
"Adinia xenica","eats","Oscillatoria ",28.645202,-96.099923,-0.7,"Akin et al 2006",901324800000,1474439,1474447,,,,,,,,,,,,,,,,
"Adinia xenica","eats","Fragilariophyceae",28.645202,-96.099923,-0.7,"Akin et al 2006",901324800000,1474439,1474445,,,,,,,,,,,,,,,,
"Adinia xenica","eats","Sand",28.645202,-96.099923,-0.7,"Akin et al 2006",901324800000,1474439,1474443,,,,,,,,,,,,,,,,
"Adinia xenica","eats","Detritus",28.645202,-96.099923,-0.7,"Akin et al 2006",901324800000,1474439,1474441,,,,,,,,,,,,,,,,
"Adinia xenica","eats","Oscillatoria ",28.645202,-96.099923,-0.7,"Akin et al 2006",901324800000,1474429,1474437,,,,,,,,,,,,,,,,
"Adinia xenica","eats","Fragilariophyceae",28.645202,-96.099923,-0.7,"Akin et al 2006",901324800000,1474429,1474435,,,,,,,,,,,,,,,,
"Adinia xenica","eats","Sand",28.645202,-96.099923,-0.7,"Akin et al 2006",901324800000,1474429,1474433,,,,,,,,,,,,,,,,
"Adinia xenica","eats","Detritus",28.645202,-96.099923,-0.7,"Akin et al 2006",901324800000,1474429,1474431,,,,,,,,,,,,,,,,
"Adinia xenica","eats","Copepoda",28.645202,-96.099923,-0.7,"Akin et al 2006",901324800000,1474413,1474427,,"nauplius stage",,,,,,,,,,,,,,
"Adinia xenica","eats","Other blue green algae",28.645202,-96.099923,-0.7,"Akin et al 2006",901324800000,1474413,1474425,,,,,,,,,,,,,,,,
"Adinia xenica","eats","Oscillatoria ",28.645202,-96.099923,-0.7,"Akin et al 2006",901324800000,1474413,1474423,,,,,,,,,,,,,,,,
"Adinia xenica","eats","Fragilariophyceae",28.645202,-96.099923,-0.7,"Akin et al 2006",901324800000,1474413,1474421,,,,,,,,,,,,,,,,
"Adinia xenica","eats","Coscinodiscophyceae",28.645202,-96.099923,-0.7,"Akin et al 2006",901324800000,1474413,1474419,,,,,,,,,,,,,,,,
"Adinia xenica","eats","Sand",28.645202,-96.099923,-0.7,"Akin et al 2006",901324800000,1474413,1474417,,,,,,,,,,,,,,,,
"Adinia xenica","eats","Detritus",28.645202,-96.099923,-0.7,"Akin et al 2006",901324800000,1474413,1474415,,,,,,,,,,,,,,,,
"Adinia xenica","eats","Other blue green algae",28.645202,-96.099923,-0.7,"Akin et al 2006",901324800000,1473977,1473987,,,,,,,,,,,,,,,,
"Adinia xenica","eats","Oscillatoria ",28.645202,-96.099923,-0.7,"Akin et al 2006",901324800000,1473977,1473985,,,,,,,,,,,,,,,,
"Adinia xenica","eats","Fragilariophyceae",28.645202,-96.099923,-0.7,"Akin et al 2006",901324800000,1473977,1473983,,,,,,,,,,,,,,,,
"Adinia xenica","eats","Sand",28.645202,-96.099923,-0.7,"Akin et al 2006",901324800000,1473977,1473981,,,,,,,,,,,,,,,,
"Adinia xenica","eats","Detritus",28.645202,-96.099923,-0.7,"Akin et al 2006",901324800000,1473977,1473979,,,,,,,,,,,,,,,,
"Adinia xenica","eats","Other blue green algae",28.645202,-96.099923,-0.7,"Akin et al 2006",901324800000,1473989,1473999,,,,,,,,,,,,,,,,
"Adinia xenica","eats","Oscillatoria ",28.645202,-96.099923,-0.7,"Akin et al 2006",901324800000,1473989,1473997,,,,,,,,,,,,,,,,
"Adinia xenica","eats","Fragilariophyceae",28.645202,-96.099923,-0.7,"Akin et al 2006",901324800000,1473989,1473995,,,,,,,,,,,,,,,,
"Adinia xenica","eats","Sand",28.645202,-96.099923,-0.7,"Akin et al 2006",901324800000,1473989,1473993,,,,,,,,,,,,,,,,
"Adinia xenica","eats","Detritus",28.645202,-96.099923,-0.7,"Akin et al 2006",901324800000,1473989,1473991,,,,,,,,,,,,,,,,
"Adinia xenica","eats","Other blue green algae",28.645202,-96.099923,-0.7,"Akin et al 2006",901324800000,1474109,1474119,,,,,,,,,,,,,,,,
"Adinia xenica","eats","Oscillatoria ",28.645202,-96.099923,-0.7,"Akin et al 2006",901324800000,1474109,1474117,,,,,,,,,,,,,,,,
"Adinia xenica","eats","Fragilariophyceae",28.645202,-96.099923,-0.7,"Akin et al 2006",901324800000,1474109,1474115,,,,,,,,,,,,,,,,
"Adinia xenica","eats","Sand",28.645202,-96.099923,-0.7,"Akin et al 2006",901324800000,1474109,1474113,,,,,,,,,,,,,,,,
"Adinia xenica","eats","Detritus",28.645202,-96.099923,-0.7,"Akin et al 2006",901324800000,1474109,1474111,,,,,,,,,,,,,,,,
"Adinia xenica","eats","Copepoda",28.645202,-96.099923,-0.7,"Akin et al 2006",901324800000,1474091,1474107,,"nauplius stage",,,,,,,,,,,,,,
"Adinia xenica","eats","Bivalvia",28.645202,-96.099923,-0.7,"Akin et al 2006",901324800000,1474091,1474105,,,,,,,,,,,,,,,,
"Adinia xenica","eats","Other blue green algae",28.645202,-96.099923,-0.7,"Akin et al 2006",901324800000,1474091,1474103,,,,,,,,,,,,,,,,
"Adinia xenica","eats","Oscillatoria ",28.645202,-96.099923,-0.7,"Akin et al 2006",901324800000,1474091,1474101,,,,,,,,,,,,,,,,
"Adinia xenica","eats","Fragilariophyceae",28.645202,-96.099923,-0.7,"Akin et al 2006",901324800000,1474091,1474099,,,,,,,,,,,,,,,,
"Adinia xenica","eats","Coscinodiscophyceae",28.645202,-96.099923,-0.7,"Akin et al 2006",901324800000,1474091,1474097,,,,,,,,,,,,,,,,
"Adinia xenica","eats","Sand",28.645202,-96.099923,-0.7,"Akin et al 2006",901324800000,1474091,1474095,,,,,,,,,,,,,,,,
"Adinia xenica","eats","Detritus",28.645202,-96.099923,-0.7,"Akin et al 2006",901324800000,1474091,1474093,,,,,,,,,,,,,,,,
"Adinia xenica","eats","Macroalgae",28.632555,-96.110896,-0.7,"Akin et al 2006",901324800000,1474133,1474143,,,,,,,,,,,,,,,,
"Adinia xenica","eats","Macroalgae",28.632555,-96.110896,-0.7,"Akin et al 2006",901324800000,1474133,1474141,,,,,,,,,,,,,,,,
"Adinia xenica","eats","Fragilariophyceae",28.632555,-96.110896,-0.7,"Akin et al 2006",901324800000,1474133,1474139,,,,,,,,,,,,,,,,
"Adinia xenica","eats","Sand",28.632555,-96.110896,-0.7,"Akin et al 2006",901324800000,1474133,1474137,,,,,,,,,,,,,,,,
"Adinia xenica","eats","Detritus",28.632555,-96.110896,-0.7,"Akin et al 2006",901324800000,1474133,1474135,,,,,,,,,,,,,,,,
"Adinia xenica","eats","Harpacticoida",28.632555,-96.110896,-0.7,"Akin et al 2006",901324800000,1474121,1474131,,,,,,,,,,,,,,,,
"Adinia xenica","eats","Macroalgae",28.632555,-96.110896,-0.7,"Akin et al 2006",901324800000,1474121,1474129,,,,,,,,,,,,,,,,
"Adinia xenica","eats","Fragilariophyceae",28.632555,-96.110896,-0.7,"Akin et al 2006",901324800000,1474121,1474127,,,,,,,,,,,,,,,,
"Adinia xenica","eats","Sand",28.632555,-96.110896,-0.7,"Akin et al 2006",901324800000,1474121,1474125,,,,,,,,,,,,,,,,
"Adinia xenica","eats","Detritus",28.632555,-96.110896,-0.7,"Akin et al 2006",901324800000,1474121,1474123,,,,,,,,,,,,,,,,
"Adinia xenica","eats","Harpacticoida",28.632555,-96.110896,-0.7,"Akin et al 2006",901324800000,1473669,1473681,,,,,,,,,,,,,,,,
"Adinia xenica","eats","Other blue green algae",28.632555,-96.110896,-0.7,"Akin et al 2006",901324800000,1473669,1473679,,,,,,,,,,,,,,,,
"Adinia xenica","eats","Macroalgae",28.632555,-96.110896,-0.7,"Akin et al 2006",901324800000,1473669,1473677,,,,,,,,,,,,,,,,
"Adinia xenica","eats","Fragilariophyceae",28.632555,-96.110896,-0.7,"Akin et al 2006",901324800000,1473669,1473675,,,,,,,,,,,,,,,,
"Adinia xenica","eats","Sand",28.632555,-96.110896,-0.7,"Akin et al 2006",901324800000,1473669,1473673,,,,,,,,,,,,,,,,
"Adinia xenica","eats","Detritus",28.632555,-96.110896,-0.7,"Akin et al 2006",901324800000,1473669,1473671,,,,,,,,,,,,,,,,
"Adinia xenica","eats","Oscillatoria ",28.645202,-96.099923,-0.7,"Akin et al 2006",901324800000,1473647,1473657,,,,,,,,,,,,,,,,
"Adinia xenica","eats","Fragilariophyceae",28.645202,-96.099923,-0.7,"Akin et al 2006",901324800000,1473647,1473655,,,,,,,,,,,,,,,,
"Adinia xenica","eats","Coscinodiscophyceae",28.645202,-96.099923,-0.7,"Akin et al 2006",901324800000,1473647,1473653,,,,,,,,,,,,,,,,
"Adinia xenica","eats","Sand",28.645202,-96.099923,-0.7,"Akin et al 2006",901324800000,1473647,1473651,,,,,,,,,,,,,,,,
"Adinia xenica","eats","Detritus",28.645202,-96.099923,-0.7,"Akin et al 2006",901324800000,1473647,1473649,,,,,,,,,,,,,,,,
"Adinia xenica","eats","Oscillatoria ",28.645202,-96.099923,-0.7,"Akin et al 2006",901324800000,1473659,1473667,,,,,,,,,,,,,,,,
"Adinia xenica","eats","Fragilariophyceae",28.645202,-96.099923,-0.7,"Akin et al 2006",901324800000,1473659,1473665,,,,,,,,,,,,,,,,
"Adinia xenica","eats","Sand",28.645202,-96.099923,-0.7,"Akin et al 2006",901324800000,1473659,1473663,,,,,,,,,,,,,,,,
"Adinia xenica","eats","Detritus",28.645202,-96.099923,-0.7,"Akin et al 2006",901324800000,1473659,1473661,,,,,,,,,,,,,,,,
"Adinia xenica","eats","Other blue green algae",28.645202,-96.099923,-0.7,"Akin et al 2006",901324800000,1473617,1473629,,,,,,,,,,,,,,,,
"Adinia xenica","eats","Oscillatoria ",28.645202,-96.099923,-0.7,"Akin et al 2006",901324800000,1473617,1473627,,,,,,,,,,,,,,,,
"Adinia xenica","eats","Fragilariophyceae",28.645202,-96.099923,-0.7,"Akin et al 2006",901324800000,1473617,1473625,,,,,,,,,,,,,,,,
"Adinia xenica","eats","Coscinodiscophyceae",28.645202,-96.099923,-0.7,"Akin et al 2006",901324800000,1473617,1473623,,,,,,,,,,,,,,,,
"Adinia xenica","eats","Sand",28.645202,-96.099923,-0.7,"Akin et al 2006",901324800000,1473617,1473621,,,,,,,,,,,,,,,,
"Adinia xenica","eats","Detritus",28.645202,-96.099923,-0.7,"Akin et al 2006",901324800000,1473617,1473619,,,,,,,,,,,,,,,,
"Adinia xenica","eats","Copepoda",28.645202,-96.099923,-0.7,"Akin et al 2006",901324800000,1473631,1473645,,"nauplius stage",,,,,,,,,,,,,,
"Adinia xenica","eats","Other blue green algae",28.645202,-96.099923,-0.7,"Akin et al 2006",901324800000,1473631,1473643,,,,,,,,,,,,,,,,
"Adinia xenica","eats","Oscillatoria ",28.645202,-96.099923,-0.7,"Akin et al 2006",901324800000,1473631,1473641,,,,,,,,,,,,,,,,
"Adinia xenica","eats","Fragilariophyceae",28.645202,-96.099923,-0.7,"Akin et al 2006",901324800000,1473631,1473639,,,,,,,,,,,,,,,,
"Adinia xenica","eats","Coscinodiscophyceae",28.645202,-96.099923,-0.7,"Akin et al 2006",901324800000,1473631,1473637,,,,,,,,,,,,,,,,
"Adinia xenica","eats","Sand",28.645202,-96.099923,-0.7,"Akin et al 2006",901324800000,1473631,1473635,,,,,,,,,,,,,,,,
"Adinia xenica","eats","Detritus",28.645202,-96.099923,-0.7,"Akin et al 2006",901324800000,1473631,1473633,,,,,,,,,,,,,,,,
"Adinia xenica","eats","Other blue green algae",28.645202,-96.099923,-0.7,"Akin et al 2006",901324800000,1473603,1473615,,,,,,,,,,,,,,,,
"Adinia xenica","eats","Oscillatoria ",28.645202,-96.099923,-0.7,"Akin et al 2006",901324800000,1473603,1473613,,,,,,,,,,,,,,,,
"Adinia xenica","eats","Fragilariophyceae",28.645202,-96.099923,-0.7,"Akin et al 2006",901324800000,1473603,1473611,,,,,,,,,,,,,,,,
"Adinia xenica","eats","Coscinodiscophyceae",28.645202,-96.099923,-0.7,"Akin et al 2006",901324800000,1473603,1473609,,,,,,,,,,,,,,,,
"Adinia xenica","eats","Sand",28.645202,-96.099923,-0.7,"Akin et al 2006",901324800000,1473603,1473607,,,,,,,,,,,,,,,,
"Adinia xenica","eats","Detritus",28.645202,-96.099923,-0.7,"Akin et al 2006",901324800000,1473603,1473605,,,,,,,,,,,,,,,,
"Adinia xenica","eats","Oscillatoria ",28.645202,-96.099923,-0.7,"Akin et al 2006",901324800000,1478225,1478235,,,,,,,,,,,,,,,,
"Adinia xenica","eats","Fragilariophyceae",28.645202,-96.099923,-0.7,"Akin et al 2006",901324800000,1478225,1478233,,,,,,,,,,,,,,,,
"Adinia xenica","eats","Coscinodiscophyceae",28.645202,-96.099923,-0.7,"Akin et al 2006",901324800000,1478225,1478231,,,,,,,,,,,,,,,,
"Adinia xenica","eats","Sand",28.645202,-96.099923,-0.7,"Akin et al 2006",901324800000,1478225,1478229,,,,,,,,,,,,,,,,
"Adinia xenica","eats","Detritus",28.645202,-96.099923,-0.7,"Akin et al 2006",901324800000,1478225,1478227,,,,,,,,,,,,,,,,
"Adinia xenica","eats","Bivalvia",28.645202,-96.099923,-0.7,"Akin et al 2006",901324800000,1476523,1476535,,,,,,,,,,,,,,,,
"Adinia xenica","eats","Oscillatoria ",28.645202,-96.099923,-0.7,"Akin et al 2006",901324800000,1476523,1476533,,,,,,,,,,,,,,,,
"Adinia xenica","eats","Fragilariophyceae",28.645202,-96.099923,-0.7,"Akin et al 2006",901324800000,1476523,1476531,,,,,,,,,,,,,,,,
"Adinia xenica","eats","Coscinodiscophyceae",28.645202,-96.099923,-0.7,"Akin et al 2006",901324800000,1476523,1476529,,,,,,,,,,,,,,,,
"Adinia xenica","eats","Sand",28.645202,-96.099923,-0.7,"Akin et al 2006",901324800000,1476523,1476527,,,,,,,,,,,,,,,,
"Adinia xenica","eats","Detritus",28.645202,-96.099923,-0.7,"Akin et al 2006",901324800000,1476523,1476525,,,,,,,,,,,,,,,,
"Adinia xenica","eats","Other blue green algae",28.645202,-96.099923,-0.7,"Akin et al 2006",901324800000,1476055,1476065,,,,,,,,,,,,,,,,
"Adinia xenica","eats","Oscillatoria ",28.645202,-96.099923,-0.7,"Akin et al 2006",901324800000,1476055,1476063,,,,,,,,,,,,,,,,
"Adinia xenica","eats","Fragilariophyceae",28.645202,-96.099923,-0.7,"Akin et al 2006",901324800000,1476055,1476061,,,,,,,,,,,,,,,,
"Adinia xenica","eats","Sand",28.645202,-96.099923,-0.7,"Akin et al 2006",901324800000,1476055,1476059,,,,,,,,,,,,,,,,
"Adinia xenica","eats","Detritus",28.645202,-96.099923,-0.7,"Akin et al 2006",901324800000,1476055,1476057,,,,,,,,,,,,,,,,
"Adinia xenica","eats","Oscillatoria ",28.645202,-96.099923,-0.7,"Akin et al 2006",901324800000,1476043,1476053,,,,,,,,,,,,,,,,
"Adinia xenica","eats","Fragilariophyceae",28.645202,-96.099923,-0.7,"Akin et al 2006",901324800000,1476043,1476051,,,,,,,,,,,,,,,,
"Adinia xenica","eats","Coscinodiscophyceae",28.645202,-96.099923,-0.7,"Akin et al 2006",901324800000,1476043,1476049,,,,,,,,,,,,,,,,
"Adinia xenica","eats","Sand",28.645202,-96.099923,-0.7,"Akin et al 2006",901324800000,1476043,1476047,,,,,,,,,,,,,,,,
"Adinia xenica","eats","Detritus",28.645202,-96.099923,-0.7,"Akin et al 2006",901324800000,1476043,1476045,,,,,,,,,,,,,,,,
"Adinia xenica","eats","Harpacticoida",28.632555,-96.110896,-0.7,"Akin et al 2006",901324800000,1476263,1476275,,,,,,,,,,,,,,,,
"Adinia xenica","eats","Macroalgae",28.632555,-96.110896,-0.7,"Akin et al 2006",901324800000,1476263,1476273,,,,,,,,,,,,,,,,
"Adinia xenica","eats","Macroalgae",28.632555,-96.110896,-0.7,"Akin et al 2006",901324800000,1476263,1476271,,,,,,,,,,,,,,,,
"Adinia xenica","eats","Fragilariophyceae",28.632555,-96.110896,-0.7,"Akin et al 2006",901324800000,1476263,1476269,,,,,,,,,,,,,,,,
"Adinia xenica","eats","Sand",28.632555,-96.110896,-0.7,"Akin et al 2006",901324800000,1476263,1476267,,,,,,,,,,,,,,,,
"Adinia xenica","eats","Detritus",28.632555,-96.110896,-0.7,"Akin et al 2006",901324800000,1476263,1476265,,,,,,,,,,,,,,,,
"Adinia xenica","eatenBy","Phalacrocorax brasilianus",29.648506,-94.957797,,"King 1989",326098800000,1648346,1648310,,,"Literature","Literature",,,,,,,,,,,"POLYGON((-94.9651631702 29.6907978829,-94.9328387272999 29.6143731037,-94.9499516677 29.60486759,-94.9832268294999 29.6846034416))","Atkinson Island"
"Adinia xenica","eatenBy","Phalacrocorax brasilianus",29.648506,-94.957797,,"King 1989",382777200000,1648539,1648503,,,"Literature","Literature",,,,,,,,,,,"POLYGON((-94.9651631702 29.6907978829,-94.9328387272999 29.6143731037,-94.9499516677 29.60486759,-94.9832268294999 29.6846034416))","Atkinson Island"
"Adinia xenica","eatenBy","Phalacrocorax brasilianus",29.284247,-94.926834,,"King 1989",357894000000,1648491,1648455,,,"Literature","Literature",,,,,,,,,,,"POLYGON((-94.9195880824999 29.2904766901,-94.9152632914999 29.2819896323,-94.9336226884999 29.2776701153,-94.938305361 29.2869785689999))","North Deer Islands"
"Adinia xenica","eatenBy","Phalacrocorax brasilianus",29.648506,-94.957797,,"King 1989",357894000000,1648443,1648407,,,"Literature","Literature",,,,,,,,,,,"POLYGON((-94.9651631702 29.6907978829,-94.9328387272999 29.6143731037,-94.9499516677 29.60486759,-94.9832268294999 29.6846034416))","Atkinson Island"
"Adinia xenica","eatenBy","Phalacrocorax brasilianus",29.284247,-94.926834,,"King 1989",326098800000,1648395,1648359,,,"Literature","Literature",,,,,,,,,,,"POLYGON((-94.9195880824999 29.2904766901,-94.9152632914999 29.2819896323,-94.9336226884999 29.2776701153,-94.938305361 29.2869785689999))","North Deer Islands"
"Adinia xenica","eatenBy","Phalacrocorax brasilianus",29.284247,-94.926834,,"King 1989",382777200000,1648587,1648551,,,"Literature","Literature",,,,,,,,,,,"POLYGON((-94.9195880824999 29.2904766901,-94.9152632914999 29.2819896323,-94.9336226884999 29.2776701153,-94.938305361 29.2869785689999))","North Deer Islands"
